"timestamp","id","type","alarm_status","cpu_usage","memory_usage","latency_avg","packet_loss_rate","is_overloaded"
"2025-06-29T21:06:09.874Z","AMF_004","Node","GREEN",9.82,49.5,13.66,1.29,false
"2025-06-29T21:06:09.874Z","gNB_001","Node","YELLOW",79.36,65.36,27.94,1.97,false
"2025-06-29T21:06:09.874Z","gNB_012","Node","YELLOW",8.24,68.61,28.32,1.51,false
"2025-06-29T21:06:09.874Z","gNB_002","Node","GREEN",6.62,18.86,21.32,1.89,false
"2025-06-29T21:06:09.874Z","FIREWALL_001","Node","GREEN",9.52,18.49,24.86,1.92,false
"2025-06-29T21:06:09.874Z","AMF_002","Node","YELLOW",86.34,30.97,21.68,1.22,false
"2025-06-29T21:06:09.874Z","gNB_003","Node","YELLOW",84.43,65.04,15,1.32,false
"2025-06-29T21:06:09.874Z","gNB_004","Node","GREEN",8.62,56.55,16.4,0.98,false
"2025-06-29T21:06:09.874Z","FIREWALL_005","Node","YELLOW",6.89,38.94,26.41,1.9,false
"2025-06-29T21:06:09.874Z","gNB_005","Node","YELLOW",89.38,42.67,25.01,2.07,false
"2025-06-29T21:06:09.874Z","AMF_001","Node","GREEN",10.14,32.4,21.63,1.45,false
"2025-06-29T21:06:09.874Z","MONITOR_004","Node","GREEN",38.96,40,19.29,1.27,false
"2025-06-29T21:06:09.874Z","gNB_009","Node","GREEN",9.72,54.19,15.72,1.44,false
"2025-06-29T21:06:09.874Z","gNB_006","Node","RED",89,50.88,55.52,2.83,false
"2025-06-29T21:06:09.874Z","gNB_007","Node","YELLOW",89,27.12,10.46,1.13,false
"2025-06-29T21:06:09.874Z","UPF_001","Node","GREEN",48.9,33.22,18.57,1.53,false
"2025-06-29T21:06:09.874Z","gNB_008","Node","GREEN",9.22,21.99,15.95,1.57,false
"2025-06-29T21:06:09.874Z","MONITOR_003","Node","YELLOW",33.3,34.36,26.18,2.23,false
"2025-06-29T21:06:09.874Z","EDGE_DC_004","Node","YELLOW",84.04,72.18,18.97,1.54,false
"2025-06-29T21:06:09.874Z","EDGE_DC_006","Node","YELLOW",6.45,22.32,26.07,1.56,false
"2025-06-29T21:06:09.874Z","AMF_007","Node","GREEN",7.16,48.53,18.13,1.69,false
"2025-06-29T21:06:09.874Z","gNB_010","Node","GREEN",6.13,32.86,13.25,1.16,false
"2025-06-29T21:06:09.874Z","gNB_013","Node","YELLOW",72.96,19.98,10.83,1.29,false
"2025-06-29T21:06:09.874Z","SMF_003","Node","GREEN",6.29,40.06,17.82,1.29,false
"2025-06-29T21:06:09.874Z","CORE_DC_003","Node","GREEN",8.15,15.28,18.92,1.81,false
"2025-06-29T21:06:09.874Z","gNB_014","Node","YELLOW",84.04,58.43,29.05,1.63,false
"2025-06-29T21:06:09.874Z","UPF_010","Node","GREEN",27.76,43.28,17.09,1.68,false
"2025-06-29T21:06:09.874Z","gNB_015","Node","RED",91.28,61.58,13.3,1.38,true
"2025-06-29T21:06:09.874Z","gNB_017","Node","YELLOW",79.36,47.28,23.81,1.99,false
"2025-06-29T21:06:09.874Z","AMF_003","Node","GREEN",47.38,19.12,14.86,0.99,false
"2025-06-29T21:06:09.874Z","gNB_016","Node","GREEN",5.65,15.13,12.29,0.88,false
"2025-06-29T21:06:09.874Z","AMF_008","Node","GREEN",10.02,27.72,24.35,1.55,false
"2025-06-29T21:06:09.874Z","gNB_018","Node","YELLOW",87.1,48.06,11.25,1.17,false
"2025-06-29T21:06:09.874Z","UPF_003","Node","YELLOW",79.75,81.3,10.66,0.86,false
"2025-06-29T21:06:09.874Z","SMF_002","Node","YELLOW",52.36,35.11,29.06,2.01,false
"2025-06-29T21:06:09.874Z","gNB_020","Node","RED",91.28,75.32,25.11,1.41,true
"2025-06-29T21:06:09.874Z","gNB_019","Node","GREEN",10.02,16.78,20.09,1.7,false
"2025-06-29T21:06:09.874Z","UPF_002","Node","GREEN",8.72,28.51,13.03,1.2,false
"2025-06-29T21:06:09.874Z","EDGE_DC_003","Node","GREEN",8.15,34.28,11.39,1.34,false
"2025-06-29T21:06:09.874Z","EDGE_DC_005","Node","GREEN",8.72,62.3,10.22,0.53,false
"2025-06-29T21:06:09.874Z","MONITOR_002","Node","GREEN",6.37,49.84,22.4,1.15,false
"2025-06-29T21:06:09.874Z","UPF_004","Node","YELLOW",89.38,87.73,24.76,1.31,false
"2025-06-29T21:06:09.874Z","UPF_008","Node","GREEN",6.29,4.64,13.75,1.08,false
"2025-06-29T21:06:09.874Z","UPF_005","Node","GREEN",9.52,34.41,19.36,0.99,false
"2025-06-29T21:06:09.874Z","UPF_006","Node","YELLOW",83.65,22.2,25.82,1.82,false
"2025-06-29T21:06:09.874Z","SMF_006","Node","YELLOW",84.43,20.83,21.28,1.5,false
"2025-06-29T21:06:09.874Z","SMF_007","Node","RED",90.52,51.73,27.39,2.06,true
"2025-06-29T21:06:09.874Z","UPF_009","Node","GREEN",7.34,37.52,11.28,1.19,false
"2025-06-29T21:06:09.874Z","UPF_007","Node","YELLOW",32.63,47.79,25.99,1.86,false
"2025-06-29T21:06:09.874Z","AMF_005","Node","GREEN",5.65,65.45,15.13,1.73,false
"2025-06-29T21:06:09.874Z","CORE_DC_001","Node","YELLOW",83.26,32.48,14.56,1.36,false
"2025-06-29T21:06:09.874Z","AMF_006","Node","YELLOW",89,58.6,28.36,2.38,false
"2025-06-29T21:06:09.874Z","CORE_DC_004","Node","YELLOW",77.02,45.91,14.13,1.49,false
"2025-06-29T21:06:09.874Z","gNB_011","Node","GREEN",64.11,56.08,16.83,1.1,false
"2025-06-29T21:06:09.874Z","SMF_001","Node","YELLOW",83.65,50.78,20.79,1.56,false
"2025-06-29T21:06:09.874Z","FIREWALL_004","Node","YELLOW",8.92,57.35,25.99,1.88,false
"2025-06-29T21:06:09.874Z","SMF_004","Node","GREEN",27.47,43.63,22.14,1.28,false
"2025-06-29T21:06:09.874Z","CORE_DC_002","Node","GREEN",7.25,13.19,10.47,1.19,false
"2025-06-29T21:06:09.874Z","SMF_005","Node","GREEN",38.19,35.08,19.59,1.11,false
"2025-06-29T21:06:09.874Z","EDGE_DC_001","Node","GREEN",6.62,46.02,19.7,1.68,false
"2025-06-29T21:06:09.874Z","EDGE_DC_002","Node","YELLOW",83.46,57.31,22.11,1.67,false
"2025-06-29T21:06:09.874Z","FIREWALL_002","Node","GREEN",6.71,44.15,24.71,2.15,false
"2025-06-29T21:06:09.874Z","MONITOR_005","Node","RED",91.66,61,10.04,1.39,true
"2025-06-29T21:06:09.874Z","EDGE_DC_007","Node","YELLOW",8.62,18.43,26.61,1.35,false
"2025-06-29T21:06:09.874Z","EDGE_DC_008","Node","RED",41.29,53.68,78.12,4.21,false
"2025-06-29T21:06:09.874Z","MONITOR_001","Node","YELLOW",78.97,53.13,10.74,1.43,false
"2025-06-29T21:06:09.874Z","FIREWALL_003","Node","GREEN",39.61,12.96,11.23,1.09,false
"2025-06-29T21:06:10.878Z","AMF_004","Node","YELLOW",11.6,49.74,27.84,1.42,false
"2025-06-29T21:06:10.878Z","gNB_001","Node","YELLOW",81.35,65.22,16.75,1.59,false
"2025-06-29T21:06:10.878Z","gNB_012","Node","YELLOW",9.87,67.63,28.85,1.5,false
"2025-06-29T21:06:10.878Z","gNB_002","Node","GREEN",8.07,17.87,20.95,1.96,false
"2025-06-29T21:06:10.878Z","FIREWALL_001","Node","GREEN",11.27,18.38,14.68,0.74,false
"2025-06-29T21:06:10.878Z","AMF_002","Node","YELLOW",88.52,30.09,23.44,1.53,false
"2025-06-29T21:06:10.878Z","gNB_003","Node","YELLOW",86.55,65.59,26.01,1.44,false
"2025-06-29T21:06:10.878Z","gNB_004","Node","YELLOW",10.28,55.9,27.94,2.32,false
"2025-06-29T21:06:10.878Z","FIREWALL_005","Node","GREEN",8.37,39.92,23.43,1.61,false
"2025-06-29T21:06:10.878Z","gNB_005","Node","RED",91.64,43.27,13.43,0.94,true
"2025-06-29T21:06:10.878Z","AMF_001","Node","GREEN",11.95,32.71,10.52,1.36,false
"2025-06-29T21:06:10.878Z","MONITOR_004","Node","GREEN",40.88,39.15,11.07,1.26,false
"2025-06-29T21:06:10.878Z","gNB_009","Node","GREEN",11.49,54.73,20.72,1.14,false
"2025-06-29T21:06:10.878Z","gNB_006","Node","RED",91.25,50.05,23.68,1.4,true
"2025-06-29T21:06:10.878Z","gNB_007","Node","RED",91.25,27.66,24.68,1.61,true
"2025-06-29T21:06:10.878Z","UPF_001","Node","GREEN",50.84,33.81,17.74,1.81,false
"2025-06-29T21:06:10.878Z","gNB_008","Node","GREEN",10.94,21.15,23.33,1.52,false
"2025-06-29T21:06:10.878Z","MONITOR_003","Node","GREEN",35.16,34.52,15.13,1.34,false
"2025-06-29T21:06:10.878Z","EDGE_DC_004","Node","YELLOW",86.15,71.34,28.93,1.74,false
"2025-06-29T21:06:10.878Z","EDGE_DC_006","Node","GREEN",7.88,22.57,20.24,1.13,false
"2025-06-29T21:06:10.878Z","AMF_007","Node","YELLOW",8.67,47.99,27.88,1.4,false
"2025-06-29T21:06:10.878Z","gNB_010","Node","GREEN",7.52,33.47,21.56,1.94,false
"2025-06-29T21:06:10.878Z","gNB_013","Node","YELLOW",74.93,19.98,22.71,1.96,false
"2025-06-29T21:06:10.878Z","SMF_003","Node","GREEN",7.7,40.76,21.31,1.91,false
"2025-06-29T21:06:10.878Z","CORE_DC_003","Node","GREEN",9.77,14.5,14.48,0.84,false
"2025-06-29T21:06:10.878Z","gNB_014","Node","YELLOW",86.15,58.91,22.19,1.84,false
"2025-06-29T21:06:10.878Z","UPF_010","Node","YELLOW",29.62,43.74,25.57,1.9,false
"2025-06-29T21:06:10.878Z","gNB_015","Node","RED",93.59,60.85,19.87,1.78,true
"2025-06-29T21:06:10.878Z","gNB_017","Node","YELLOW",81.35,46.54,11.84,0.93,false
"2025-06-29T21:06:10.878Z","AMF_003","Node","GREEN",49.35,18.38,18.34,0.97,false
"2025-06-29T21:06:10.878Z","gNB_016","Node","GREEN",6.98,15.74,22.17,1.74,false
"2025-06-29T21:06:10.878Z","AMF_008","Node","GREEN",11.82,27.22,20.82,1.72,false
"2025-06-29T21:06:10.878Z","gNB_018","Node","RED",89.3,48.53,61.01,3.62,false
"2025-06-29T21:06:10.878Z","UPF_003","Node","YELLOW",81.75,82.2,21.32,1.61,false
"2025-06-29T21:06:10.878Z","SMF_002","Node","GREEN",54.35,36.1,13.8,1.3,false
"2025-06-29T21:06:10.878Z","gNB_020","Node","RED",93.59,74.47,29.58,1.99,true
"2025-06-29T21:06:10.878Z","gNB_019","Node","GREEN",11.82,17.23,12.14,1.03,false
"2025-06-29T21:06:10.878Z","UPF_002","Node","GREEN",10.39,28.55,20.79,1.43,false
"2025-06-29T21:06:10.878Z","EDGE_DC_003","Node","GREEN",9.77,34.4,17.62,0.91,false
"2025-06-29T21:06:10.878Z","EDGE_DC_005","Node","YELLOW",10.39,63.16,26.36,1.94,false
"2025-06-29T21:06:10.878Z","MONITOR_002","Node","GREEN",7.79,48.99,24.65,1.45,false
"2025-06-29T21:06:10.878Z","UPF_004","Node","RED",91.64,87.63,21.67,1.92,true
"2025-06-29T21:06:10.878Z","UPF_008","Node","GREEN",7.7,3.97,22.83,1.14,false
"2025-06-29T21:06:10.878Z","UPF_005","Node","GREEN",11.27,34.01,11.05,0.65,false
"2025-06-29T21:06:10.878Z","UPF_006","Node","YELLOW",85.75,21.65,27.66,1.65,false
"2025-06-29T21:06:10.878Z","SMF_006","Node","YELLOW",86.55,21.42,21.78,1.32,false
"2025-06-29T21:06:10.878Z","SMF_007","Node","RED",92.81,50.89,15.05,0.98,true
"2025-06-29T21:06:10.878Z","UPF_009","Node","GREEN",8.87,38.05,14.37,1.47,false
"2025-06-29T21:06:10.878Z","UPF_007","Node","GREEN",34.5,47.57,22.52,1.65,false
"2025-06-29T21:06:10.878Z","AMF_005","Node","GREEN",6.98,65.27,16.44,1,false
"2025-06-29T21:06:10.878Z","CORE_DC_001","Node","YELLOW",85.35,33.22,25.36,1.58,false
"2025-06-29T21:06:10.878Z","AMF_006","Node","RED",91.25,58.92,29.96,1.52,true
"2025-06-29T21:06:10.878Z","CORE_DC_004","Node","YELLOW",78.95,46.36,11.54,0.8,false
"2025-06-29T21:06:10.878Z","gNB_011","Node","GREEN",66.03,55.28,10.17,1.14,false
"2025-06-29T21:06:10.878Z","SMF_001","Node","YELLOW",85.75,51.19,12.13,1.55,false
"2025-06-29T21:06:10.878Z","FIREWALL_004","Node","GREEN",10.61,58.04,20.88,1.78,false
"2025-06-29T21:06:10.878Z","SMF_004","Node","YELLOW",29.35,43,48.35,2.73,false
"2025-06-29T21:06:10.878Z","CORE_DC_002","Node","YELLOW",8.77,12.82,29.56,2.22,false
"2025-06-29T21:06:10.878Z","SMF_005","Node","GREEN",40.08,35.49,10.84,0.81,false
"2025-06-29T21:06:10.878Z","EDGE_DC_001","Node","GREEN",8.07,46.58,16.64,0.91,false
"2025-06-29T21:06:10.878Z","EDGE_DC_002","Node","YELLOW",85.57,57.67,19.9,1.37,false
"2025-06-29T21:06:10.878Z","FIREWALL_002","Node","YELLOW",8.17,43.25,25.52,1.7,false
"2025-06-29T21:06:10.878Z","MONITOR_005","Node","RED",93.98,60.37,11.27,1.49,true
"2025-06-29T21:06:10.878Z","EDGE_DC_007","Node","GREEN",10.28,19.27,23.77,1.4,false
"2025-06-29T21:06:10.878Z","EDGE_DC_008","Node","GREEN",43.2,54.17,20.59,1.03,false
"2025-06-29T21:06:10.878Z","MONITOR_001","Node","YELLOW",80.95,52.81,27.12,1.84,false
"2025-06-29T21:06:10.878Z","FIREWALL_003","Node","GREEN",41.52,13.44,15.06,0.75,false
"2025-06-29T21:06:11.891Z","AMF_004","Node","YELLOW",13.47,49.23,26.43,1.66,false
"2025-06-29T21:06:11.891Z","gNB_001","Node","RED",83.43,65.49,67.78,3.9,false
"2025-06-29T21:06:11.891Z","gNB_012","Node","GREEN",11.57,68.21,18.28,1.24,false
"2025-06-29T21:06:11.891Z","gNB_002","Node","GREEN",9.59,18.69,13.78,0.86,false
"2025-06-29T21:06:11.891Z","FIREWALL_001","Node","GREEN",13.11,18.73,24.67,1.55,false
"2025-06-29T21:06:11.891Z","AMF_002","Node","RED",90.77,30.73,21.12,1.93,true
"2025-06-29T21:06:11.891Z","gNB_003","Node","YELLOW",88.76,65.5,18.41,1.19,false
"2025-06-29T21:06:11.891Z","gNB_004","Node","YELLOW",12.03,55.48,26.82,1.75,false
"2025-06-29T21:06:11.891Z","FIREWALL_005","Node","GREEN",9.92,39.01,18.75,1.19,false
"2025-06-29T21:06:11.891Z","gNB_005","Node","RED",93.97,43.66,17.98,1.53,true
"2025-06-29T21:06:11.891Z","AMF_001","Node","GREEN",13.85,32.61,18.73,1.75,false
"2025-06-29T21:06:11.891Z","MONITOR_004","Node","YELLOW",42.88,38.28,29.07,1.47,false
"2025-06-29T21:06:11.891Z","gNB_009","Node","GREEN",13.35,54.11,21.46,1.67,false
"2025-06-29T21:06:11.891Z","gNB_006","Node","RED",93.57,50.46,27.84,2.2,true
"2025-06-29T21:06:11.891Z","gNB_007","Node","RED",93.57,27.88,16.56,1.18,true
"2025-06-29T21:06:11.891Z","UPF_001","Node","GREEN",52.86,33.66,20.91,1.38,false
"2025-06-29T21:06:11.891Z","gNB_008","Node","GREEN",12.75,21.34,22.51,1.64,false
"2025-06-29T21:06:11.891Z","MONITOR_003","Node","GREEN",37.1,34.73,20.97,1.63,false
"2025-06-29T21:06:11.891Z","EDGE_DC_004","Node","YELLOW",88.35,71.85,22.43,1.51,false
"2025-06-29T21:06:11.891Z","EDGE_DC_006","Node","YELLOW",9.38,21.9,26.68,2.24,false
"2025-06-29T21:06:11.891Z","AMF_007","Node","GREEN",10.25,48.09,11.21,1.47,false
"2025-06-29T21:06:11.891Z","gNB_010","Node","GREEN",8.98,33.5,12.4,1.5,false
"2025-06-29T21:06:11.891Z","gNB_013","Node","YELLOW",76.98,20.06,10.07,1.08,false
"2025-06-29T21:06:11.891Z","SMF_003","Node","GREEN",9.18,40.13,20,1.44,false
"2025-06-29T21:06:11.891Z","CORE_DC_003","Node","GREEN",11.46,14.75,22.27,1.88,false
"2025-06-29T21:06:11.891Z","gNB_014","Node","YELLOW",88.35,59.25,11.08,1.02,false
"2025-06-29T21:06:11.891Z","UPF_010","Node","GREEN",31.56,43.12,13.18,1.25,false
"2025-06-29T21:06:11.891Z","gNB_015","Node","RED",95.97,60.01,23.4,1.6,true
"2025-06-29T21:06:11.891Z","gNB_017","Node","YELLOW",83.43,46.71,23.23,1.6,false
"2025-06-29T21:06:11.891Z","AMF_003","Node","YELLOW",51.39,19,28.62,1.73,false
"2025-06-29T21:06:11.891Z","gNB_016","Node","GREEN",8.38,15.83,22.76,1.42,false
"2025-06-29T21:06:11.891Z","AMF_008","Node","RED",13.71,28.15,57.77,3.36,false
"2025-06-29T21:06:11.891Z","gNB_018","Node","RED",91.57,48.92,10.65,1.1,true
"2025-06-29T21:06:11.891Z","UPF_003","Node","YELLOW",83.84,82.41,10.82,1.43,false
"2025-06-29T21:06:11.891Z","SMF_002","Node","GREEN",56.41,36.29,21.77,1.72,false
"2025-06-29T21:06:11.891Z","gNB_020","Node","RED",95.97,73.98,45.64,3.26,true
"2025-06-29T21:06:11.891Z","gNB_019","Node","GREEN",13.71,17.87,17.34,1.32,false
"2025-06-29T21:06:11.891Z","UPF_002","Node","YELLOW",12.15,29.18,25.56,1.65,false
"2025-06-29T21:06:11.891Z","EDGE_DC_003","Node","GREEN",11.46,35.02,18.09,1.52,false
"2025-06-29T21:06:11.891Z","EDGE_DC_005","Node","GREEN",12.15,62.55,15.26,1.68,false
"2025-06-29T21:06:11.891Z","MONITOR_002","Node","YELLOW",9.28,48,25.33,1.56,false
"2025-06-29T21:06:11.891Z","UPF_004","Node","RED",93.97,88.5,22.35,1.66,true
"2025-06-29T21:06:11.891Z","UPF_008","Node","GREEN",9.18,4.95,13.65,0.91,false
"2025-06-29T21:06:11.891Z","UPF_005","Node","GREEN",13.11,33.61,12.49,0.87,false
"2025-06-29T21:06:11.891Z","UPF_006","Node","YELLOW",87.94,21.73,13.63,1.6,false
"2025-06-29T21:06:11.891Z","SMF_006","Node","YELLOW",88.76,21.05,27.5,2.21,false
"2025-06-29T21:06:11.891Z","SMF_007","Node","RED",95.17,49.99,21.29,1.52,true
"2025-06-29T21:06:11.891Z","UPF_009","Node","YELLOW",10.47,37.54,29.22,2.12,false
"2025-06-29T21:06:11.891Z","UPF_007","Node","GREEN",36.45,48.5,23.92,1.64,false
"2025-06-29T21:06:11.891Z","AMF_005","Node","YELLOW",8.38,65.43,29.88,2.04,false
"2025-06-29T21:06:11.891Z","CORE_DC_001","Node","YELLOW",87.53,32.84,29.12,2.41,false
"2025-06-29T21:06:11.891Z","AMF_006","Node","RED",93.57,58.08,11.63,0.8,true
"2025-06-29T21:06:11.891Z","CORE_DC_004","Node","YELLOW",80.97,46.76,22.95,1.29,false
"2025-06-29T21:06:11.891Z","gNB_011","Node","GREEN",68.03,55.52,13.92,0.72,false
"2025-06-29T21:06:11.891Z","SMF_001","Node","YELLOW",87.94,51.79,29.56,1.96,false
"2025-06-29T21:06:11.891Z","FIREWALL_004","Node","GREEN",12.39,57.77,17.37,1.12,false
"2025-06-29T21:06:11.891Z","SMF_004","Node","YELLOW",31.32,42.03,26.8,2.1,false
"2025-06-29T21:06:11.891Z","CORE_DC_002","Node","GREEN",10.36,12.9,14.24,0.93,false
"2025-06-29T21:06:11.891Z","SMF_005","Node","GREEN",42.05,36.43,17.21,1.45,false
"2025-06-29T21:06:11.891Z","EDGE_DC_001","Node","GREEN",9.59,46.13,16.44,1.32,false
"2025-06-29T21:06:11.891Z","EDGE_DC_002","Node","YELLOW",87.76,57.66,16.97,1.4,false
"2025-06-29T21:06:11.891Z","FIREWALL_002","Node","GREEN",9.7,42.84,11.6,0.66,false
"2025-06-29T21:06:11.891Z","MONITOR_005","Node","RED",96.37,61.36,25.51,1.82,true
"2025-06-29T21:06:11.891Z","EDGE_DC_007","Node","YELLOW",12.03,18.35,42.56,2.18,false
"2025-06-29T21:06:11.891Z","EDGE_DC_008","Node","GREEN",45.19,54.01,21,1.46,false
"2025-06-29T21:06:11.891Z","MONITOR_001","Node","YELLOW",83.02,52.23,25.78,2.22,false
"2025-06-29T21:06:11.891Z","FIREWALL_003","Node","GREEN",43.51,12.81,22.1,1.32,false
"2025-06-29T21:06:12.905Z","AMF_004","Node","GREEN",15.39,48.68,22.76,1.37,false
"2025-06-29T21:06:12.905Z","gNB_001","Node","YELLOW",85.56,65.79,12.22,0.94,false
"2025-06-29T21:06:12.905Z","gNB_012","Node","GREEN",13.33,68.29,13.72,1.54,false
"2025-06-29T21:06:12.905Z","gNB_002","Node","GREEN",11.17,19.13,22.92,1.74,false
"2025-06-29T21:06:12.905Z","FIREWALL_001","Node","GREEN",15,19.33,20.71,1.59,false
"2025-06-29T21:06:12.905Z","AMF_002","Node","RED",93.08,30.16,18.94,1.34,true
"2025-06-29T21:06:12.905Z","gNB_003","Node","RED",91.02,65.81,17.6,1.37,true
"2025-06-29T21:06:12.905Z","gNB_004","Node","GREEN",13.83,55.61,19.46,1.05,false
"2025-06-29T21:06:12.905Z","FIREWALL_005","Node","GREEN",11.53,39.72,19.21,1.65,false
"2025-06-29T21:06:12.905Z","gNB_005","Node","RED",96.36,44.32,21.36,1.79,true
"2025-06-29T21:06:12.905Z","AMF_001","Node","GREEN",15.8,32.62,13.98,1.26,false
"2025-06-29T21:06:12.905Z","MONITOR_004","Node","GREEN",44.93,39.2,14.74,1.22,false
"2025-06-29T21:06:12.905Z","gNB_009","Node","GREEN",15.26,54.54,10.34,0.64,false
"2025-06-29T21:06:12.905Z","gNB_006","Node","RED",95.95,50.94,17.12,1.68,true
"2025-06-29T21:06:12.905Z","gNB_007","Node","RED",95.95,28.56,60.66,3.37,true
"2025-06-29T21:06:12.905Z","UPF_001","Node","GREEN",54.93,33.07,16.29,1.38,false
"2025-06-29T21:06:12.905Z","gNB_008","Node","GREEN",14.61,20.93,20.93,1.32,false
"2025-06-29T21:06:12.905Z","MONITOR_003","Node","GREEN",39.09,35.56,18.61,1.07,false
"2025-06-29T21:06:12.905Z","EDGE_DC_004","Node","RED",90.6,72.57,25.8,1.48,true
"2025-06-29T21:06:12.905Z","EDGE_DC_006","Node","GREEN",10.95,21.46,17.88,1.87,false
"2025-06-29T21:06:12.905Z","AMF_007","Node","GREEN",11.89,47.11,13.1,1.53,false
"2025-06-29T21:06:12.905Z","gNB_010","Node","GREEN",10.51,33.14,15.22,0.8,false
"2025-06-29T21:06:12.905Z","gNB_013","Node","YELLOW",79.08,19.67,22.11,1.46,false
"2025-06-29T21:06:12.905Z","SMF_003","Node","YELLOW",10.73,40.94,28.67,1.89,false
"2025-06-29T21:06:12.905Z","CORE_DC_003","Node","GREEN",13.21,14.41,18.35,1.51,false
"2025-06-29T21:06:12.905Z","gNB_014","Node","RED",90.6,58.57,14.14,1.54,true
"2025-06-29T21:06:12.905Z","UPF_010","Node","GREEN",33.55,43.1,17.71,1.12,false
"2025-06-29T21:06:12.905Z","gNB_015","Node","RED",98.41,59.58,11.17,0.72,true
"2025-06-29T21:06:12.905Z","gNB_017","Node","YELLOW",85.56,46.18,27.32,1.92,false
"2025-06-29T21:06:12.905Z","AMF_003","Node","YELLOW",53.49,18.31,28.1,1.6,false
"2025-06-29T21:06:12.905Z","gNB_016","Node","GREEN",9.85,16.27,21.19,1.24,false
"2025-06-29T21:06:12.905Z","AMF_008","Node","YELLOW",15.65,28.84,25.87,1.56,false
"2025-06-29T21:06:12.905Z","gNB_018","Node","RED",93.9,48.18,13.56,1.44,true
"2025-06-29T21:06:12.905Z","UPF_003","Node","YELLOW",85.98,82.01,28.26,2.31,false
"2025-06-29T21:06:12.905Z","SMF_002","Node","GREEN",58.53,36.21,20.92,1.55,false
"2025-06-29T21:06:12.905Z","gNB_020","Node","RED",98.41,74.71,28.45,1.87,true
"2025-06-29T21:06:12.905Z","gNB_019","Node","GREEN",15.65,17.17,14.38,1.69,false
"2025-06-29T21:06:12.905Z","UPF_002","Node","GREEN",13.96,29.69,14.18,1.11,false
"2025-06-29T21:06:12.905Z","EDGE_DC_003","Node","YELLOW",13.21,34.63,26.15,1.63,false
"2025-06-29T21:06:12.905Z","EDGE_DC_005","Node","GREEN",13.96,62.66,22.19,2.11,false
"2025-06-29T21:06:12.905Z","MONITOR_002","Node","GREEN",10.84,48.58,14.47,1.33,false
"2025-06-29T21:06:12.905Z","UPF_004","Node","RED",96.36,88.96,26.2,1.31,true
"2025-06-29T21:06:12.905Z","UPF_008","Node","RED",10.73,4.39,64.75,4.1,false
"2025-06-29T21:06:12.905Z","UPF_005","Node","GREEN",15,33.52,12.93,1.45,false
"2025-06-29T21:06:12.905Z","UPF_006","Node","RED",90.18,21.27,14.58,0.75,true
"2025-06-29T21:06:12.905Z","SMF_006","Node","RED",91.02,21.71,20.09,1.2,true
"2025-06-29T21:06:12.905Z","SMF_007","Node","RED",97.59,49.14,16.03,1.08,true
"2025-06-29T21:06:12.905Z","UPF_009","Node","GREEN",12.13,36.84,24.68,1.87,false
"2025-06-29T21:06:12.905Z","UPF_007","Node","GREEN",38.45,48.69,16.23,1.41,false
"2025-06-29T21:06:12.905Z","AMF_005","Node","GREEN",9.85,65.59,14.67,1.36,false
"2025-06-29T21:06:12.905Z","CORE_DC_001","Node","YELLOW",89.76,32.58,14.46,0.98,false
"2025-06-29T21:06:12.905Z","AMF_006","Node","RED",95.95,58.58,12.79,1.26,true
"2025-06-29T21:06:12.905Z","CORE_DC_004","Node","YELLOW",83.04,46.88,12.9,1.28,false
"2025-06-29T21:06:12.905Z","gNB_011","Node","YELLOW",70.08,54.92,20.51,1.64,false
"2025-06-29T21:06:12.905Z","SMF_001","Node","RED",90.18,52.15,13.11,1.63,true
"2025-06-29T21:06:12.905Z","FIREWALL_004","Node","YELLOW",14.22,56.86,26.31,1.48,false
"2025-06-29T21:06:12.905Z","SMF_004","Node","GREEN",33.34,41.49,19.55,1.86,false
"2025-06-29T21:06:12.905Z","CORE_DC_002","Node","GREEN",12.01,12.22,22.19,1.51,false
"2025-06-29T21:06:12.905Z","SMF_005","Node","GREEN",44.07,36.17,15.51,1.46,false
"2025-06-29T21:06:12.905Z","EDGE_DC_001","Node","GREEN",11.17,45.34,19.99,1.43,false
"2025-06-29T21:06:12.905Z","EDGE_DC_002","Node","YELLOW",90,58.1,12.54,0.96,false
"2025-06-29T21:06:12.905Z","FIREWALL_002","Node","GREEN",11.29,42.07,17.19,1.4,false
"2025-06-29T21:06:12.905Z","MONITOR_005","Node","RED",98.82,61.63,28.45,1.63,true
"2025-06-29T21:06:12.905Z","EDGE_DC_007","Node","GREEN",13.83,19.2,23.51,1.71,false
"2025-06-29T21:06:12.905Z","EDGE_DC_008","Node","GREEN",47.23,53.4,15.05,0.84,false
"2025-06-29T21:06:12.905Z","MONITOR_001","Node","YELLOW",85.14,53.11,20.92,1.43,false
"2025-06-29T21:06:12.905Z","FIREWALL_003","Node","GREEN",45.55,12.27,23.93,1.79,false
"2025-06-29T21:06:13.906Z","AMF_004","Node","GREEN",17.35,48.17,12.89,0.65,false
"2025-06-29T21:06:13.906Z","gNB_001","Node","YELLOW",87.73,66.74,22.44,1.6,false
"2025-06-29T21:06:13.906Z","gNB_012","Node","GREEN",15.13,67.65,11.48,0.72,false
"2025-06-29T21:06:13.906Z","gNB_002","Node","YELLOW",12.79,19.26,26.67,2.19,false
"2025-06-29T21:06:13.906Z","FIREWALL_001","Node","GREEN",16.93,18.41,13.94,1.36,false
"2025-06-29T21:06:13.906Z","AMF_002","Node","RED",95.43,29.41,12.43,1.1,true
"2025-06-29T21:06:13.906Z","gNB_003","Node","RED",93.32,65.65,10.93,1.05,true
"2025-06-29T21:06:13.906Z","gNB_004","Node","YELLOW",15.67,56.11,25.64,1.63,false
"2025-06-29T21:06:13.906Z","FIREWALL_005","Node","GREEN",13.18,40.54,22.33,1.33,false
"2025-06-29T21:06:13.906Z","gNB_005","Node","RED",98.79,44.43,14.81,1.03,true
"2025-06-29T21:06:13.906Z","AMF_001","Node","GREEN",17.79,32.73,18.11,1.09,false
"2025-06-29T21:06:13.906Z","MONITOR_004","Node","GREEN",47.02,39.86,21.2,1.99,false
"2025-06-29T21:06:13.906Z","gNB_009","Node","GREEN",17.21,55.16,12.07,1.19,false
"2025-06-29T21:06:13.906Z","gNB_006","Node","RED",98.37,50.39,27.17,2.05,true
"2025-06-29T21:06:13.906Z","gNB_007","Node","RED",98.37,28.24,25.06,1.63,true
"2025-06-29T21:06:13.906Z","UPF_001","Node","GREEN",57.04,32.25,14.68,0.91,false
"2025-06-29T21:06:13.906Z","gNB_008","Node","GREEN",16.51,20.67,24.71,1.93,false
"2025-06-29T21:06:13.906Z","MONITOR_003","Node","GREEN",41.12,35.4,19.93,1.85,false
"2025-06-29T21:06:13.906Z","EDGE_DC_004","Node","RED",92.89,73.26,28.93,2.43,true
"2025-06-29T21:06:13.906Z","EDGE_DC_006","Node","GREEN",12.54,22.46,11.11,0.71,false
"2025-06-29T21:06:13.906Z","AMF_007","Node","GREEN",13.57,47.4,15.87,0.93,false
"2025-06-29T21:06:13.906Z","gNB_010","Node","GREEN",12.06,33.98,17.94,1.69,false
"2025-06-29T21:06:13.906Z","gNB_013","Node","YELLOW",81.22,20.54,16.1,1.66,false
"2025-06-29T21:06:13.906Z","SMF_003","Node","YELLOW",12.3,41.8,35.59,1.83,false
"2025-06-29T21:06:13.906Z","CORE_DC_003","Node","GREEN",15,14.71,15.56,0.83,false
"2025-06-29T21:06:13.906Z","gNB_014","Node","RED",92.89,57.59,20.38,1.4,true
"2025-06-29T21:06:13.906Z","UPF_010","Node","GREEN",35.58,43.21,23.16,1.74,false
"2025-06-29T21:06:13.906Z","gNB_015","Node","RED",100,58.89,27.16,1.66,true
"2025-06-29T21:06:13.906Z","gNB_017","Node","YELLOW",87.73,46.01,27.61,1.87,false
"2025-06-29T21:06:13.906Z","AMF_003","Node","GREEN",55.63,18.43,23.32,1.86,false
"2025-06-29T21:06:13.906Z","gNB_016","Node","GREEN",11.34,15.9,18.88,1.63,false
"2025-06-29T21:06:13.906Z","AMF_008","Node","GREEN",17.63,29.59,13.5,1.16,false
"2025-06-29T21:06:13.906Z","gNB_018","Node","RED",96.27,48.61,11.07,1.5,true
"2025-06-29T21:06:13.906Z","UPF_003","Node","YELLOW",88.16,82.55,23.19,1.82,false
"2025-06-29T21:06:13.906Z","SMF_002","Node","GREEN",60.69,36.21,20.17,1.17,false
"2025-06-29T21:06:13.906Z","gNB_020","Node","RED",100,74.4,17.9,1.39,true
"2025-06-29T21:06:13.906Z","gNB_019","Node","GREEN",17.63,17.88,10.09,1.38,false
"2025-06-29T21:06:13.906Z","UPF_002","Node","GREEN",15.81,29.55,22.49,1.31,false
"2025-06-29T21:06:13.906Z","EDGE_DC_003","Node","RED",15,35.19,75.62,4.29,false
"2025-06-29T21:06:13.906Z","EDGE_DC_005","Node","GREEN",15.81,63.14,19.54,1.36,false
"2025-06-29T21:06:13.906Z","MONITOR_002","Node","GREEN",12.42,48.84,10.76,1.32,false
"2025-06-29T21:06:13.906Z","UPF_004","Node","RED",98.79,89.96,28.59,1.44,true
"2025-06-29T21:06:13.906Z","UPF_008","Node","GREEN",12.3,4.73,17.02,1.03,false
"2025-06-29T21:06:13.906Z","UPF_005","Node","GREEN",16.93,33.07,13.47,1.12,false
"2025-06-29T21:06:13.906Z","UPF_006","Node","RED",92.46,22.2,69.58,3.92,true
"2025-06-29T21:06:13.906Z","SMF_006","Node","RED",93.32,22.16,18.63,1.67,true
"2025-06-29T21:06:13.906Z","SMF_007","Node","RED",100,48.98,24.41,1.66,true
"2025-06-29T21:06:13.906Z","UPF_009","Node","GREEN",13.83,36.63,15.96,1.51,false
"2025-06-29T21:06:13.906Z","UPF_007","Node","GREEN",40.49,48.74,20.94,1.65,false
"2025-06-29T21:06:13.906Z","AMF_005","Node","GREEN",11.34,66.55,22.27,1.42,false
"2025-06-29T21:06:13.906Z","CORE_DC_001","Node","RED",92.03,33.24,19.88,1.14,true
"2025-06-29T21:06:13.906Z","AMF_006","Node","RED",98.37,58.05,18.83,1.34,true
"2025-06-29T21:06:13.906Z","CORE_DC_004","Node","YELLOW",85.15,46.1,27.24,2.31,false
"2025-06-29T21:06:13.906Z","gNB_011","Node","YELLOW",72.17,55.44,10.72,1.33,false
"2025-06-29T21:06:13.906Z","SMF_001","Node","RED",92.46,52.5,18.95,0.97,true
"2025-06-29T21:06:13.906Z","FIREWALL_004","Node","GREEN",16.09,56.84,20.22,1.37,false
"2025-06-29T21:06:13.906Z","SMF_004","Node","GREEN",35.4,42.21,21.66,1.65,false
"2025-06-29T21:06:13.906Z","CORE_DC_002","Node","GREEN",13.7,11.77,20.31,1.72,false
"2025-06-29T21:06:13.906Z","SMF_005","Node","GREEN",46.13,36.61,19.78,1.64,false
"2025-06-29T21:06:13.906Z","EDGE_DC_001","Node","GREEN",12.79,44.57,20.42,1.91,false
"2025-06-29T21:06:13.906Z","EDGE_DC_002","Node","RED",92.28,57.6,11.59,0.91,true
"2025-06-29T21:06:13.906Z","FIREWALL_002","Node","GREEN",12.92,42,19.99,1.77,false
"2025-06-29T21:06:13.906Z","MONITOR_005","Node","RED",100,61.72,52.83,3.3,true
"2025-06-29T21:06:13.906Z","EDGE_DC_007","Node","GREEN",15.67,19.72,18.97,0.99,false
"2025-06-29T21:06:13.906Z","EDGE_DC_008","Node","GREEN",49.31,52.69,14.26,0.81,false
"2025-06-29T21:06:13.906Z","MONITOR_001","Node","YELLOW",87.3,53.72,16.5,1.33,false
"2025-06-29T21:06:13.906Z","FIREWALL_003","Node","GREEN",47.63,12.29,24.99,1.53,false
"2025-06-29T21:06:14.910Z","AMF_004","Node","GREEN",19.32,48.49,20.65,1.3,false
"2025-06-29T21:06:14.910Z","gNB_001","Node","YELLOW",89.91,66.78,21.91,1.94,false
"2025-06-29T21:06:14.910Z","gNB_012","Node","GREEN",16.94,68.62,14.72,1.44,false
"2025-06-29T21:06:14.910Z","gNB_002","Node","GREEN",14.42,18.58,22.48,1.47,false
"2025-06-29T21:06:14.910Z","FIREWALL_001","Node","RED",18.87,17.63,51.68,3.18,false
"2025-06-29T21:06:14.910Z","AMF_002","Node","RED",97.79,30.04,23.11,1.48,true
"2025-06-29T21:06:14.910Z","gNB_003","Node","RED",95.63,65.38,11.53,0.82,true
"2025-06-29T21:06:14.910Z","gNB_004","Node","GREEN",17.52,56.49,19.58,1.64,false
"2025-06-29T21:06:14.910Z","FIREWALL_005","Node","GREEN",14.84,40.67,19.29,1.22,false
"2025-06-29T21:06:14.910Z","gNB_005","Node","RED",100,45.29,16.94,1.12,true
"2025-06-29T21:06:14.910Z","AMF_001","Node","GREEN",19.79,32.63,14.84,1.51,false
"2025-06-29T21:06:14.910Z","MONITOR_004","Node","GREEN",49.12,40.46,23.95,1.43,false
"2025-06-29T21:06:14.910Z","gNB_009","Node","GREEN",19.17,54.57,23.18,1.3,false
"2025-06-29T21:06:14.910Z","gNB_006","Node","RED",100,49.95,15.04,1.05,true
"2025-06-29T21:06:14.910Z","gNB_007","Node","RED",100,28.61,22.1,1.45,true
"2025-06-29T21:06:14.910Z","UPF_001","Node","RED",59.16,31.86,66.67,3.94,false
"2025-06-29T21:06:14.910Z","gNB_008","Node","YELLOW",18.42,20.73,26.5,1.66,false
"2025-06-29T21:06:14.910Z","MONITOR_003","Node","GREEN",43.16,34.63,15.01,1.66,false
"2025-06-29T21:06:14.910Z","EDGE_DC_004","Node","RED",95.19,73.94,10.81,0.78,true
"2025-06-29T21:06:14.910Z","EDGE_DC_006","Node","YELLOW",14.15,22.94,29.41,1.54,false
"2025-06-29T21:06:14.910Z","AMF_007","Node","GREEN",15.26,47.14,17.97,1.66,false
"2025-06-29T21:06:14.910Z","gNB_010","Node","GREEN",13.63,34.44,11.05,0.91,false
"2025-06-29T21:06:14.910Z","gNB_013","Node","YELLOW",83.37,19.87,26.8,1.46,false
"2025-06-29T21:06:14.910Z","SMF_003","Node","YELLOW",13.89,42.11,27.37,1.41,false
"2025-06-29T21:06:14.910Z","CORE_DC_003","Node","YELLOW",16.8,15.08,29.17,1.86,false
"2025-06-29T21:06:14.910Z","gNB_014","Node","RED",95.19,58.17,12.74,0.78,true
"2025-06-29T21:06:14.910Z","UPF_010","Node","YELLOW",37.62,43.68,26.81,1.49,false
"2025-06-29T21:06:14.910Z","gNB_015","Node","RED",100,59.05,19.61,1.38,true
"2025-06-29T21:06:14.910Z","gNB_017","Node","YELLOW",89.91,46.04,29.54,2.37,false
"2025-06-29T21:06:14.910Z","AMF_003","Node","GREEN",57.78,18.21,18.37,1.1,false
"2025-06-29T21:06:14.910Z","gNB_016","Node","GREEN",12.85,15.84,17.07,1.56,false
"2025-06-29T21:06:14.910Z","AMF_008","Node","GREEN",19.62,29,15.35,1.24,false
"2025-06-29T21:06:14.910Z","gNB_018","Node","RED",98.65,47.62,26.88,1.61,true
"2025-06-29T21:06:14.910Z","UPF_003","Node","RED",90.35,82.9,24.15,1.69,true
"2025-06-29T21:06:14.910Z","SMF_002","Node","GREEN",62.86,37.2,13.83,0.77,false
"2025-06-29T21:06:14.910Z","gNB_020","Node","RED",100,73.63,20.87,1.42,true
"2025-06-29T21:06:14.910Z","gNB_019","Node","GREEN",19.62,16.94,14.77,1.14,false
"2025-06-29T21:06:14.910Z","UPF_002","Node","GREEN",17.67,30.28,15.32,1.63,false
"2025-06-29T21:06:14.910Z","EDGE_DC_003","Node","GREEN",16.8,35.43,22.06,1.5,false
"2025-06-29T21:06:14.910Z","EDGE_DC_005","Node","GREEN",17.67,62.83,14.11,1.42,false
"2025-06-29T21:06:14.910Z","MONITOR_002","Node","GREEN",14.02,49.05,24.93,1.66,false
"2025-06-29T21:06:14.910Z","UPF_004","Node","RED",100,89.62,14.61,1.26,true
"2025-06-29T21:06:14.910Z","UPF_008","Node","GREEN",13.89,4.87,18.43,1.84,false
"2025-06-29T21:06:14.910Z","UPF_005","Node","GREEN",18.87,32.96,23.72,1.78,false
"2025-06-29T21:06:14.910Z","UPF_006","Node","RED",94.75,22.73,24.7,1.34,true
"2025-06-29T21:06:14.910Z","SMF_006","Node","RED",95.63,22.08,26.41,1.4,true
"2025-06-29T21:06:14.910Z","SMF_007","Node","RED",100,49.5,21.59,1.11,true
"2025-06-29T21:06:14.910Z","UPF_009","Node","YELLOW",15.54,37.44,27.5,2.07,false
"2025-06-29T21:06:14.910Z","UPF_007","Node","YELLOW",42.54,49.22,28.94,2.16,false
"2025-06-29T21:06:14.910Z","AMF_005","Node","GREEN",12.85,67.42,24.7,1.82,false
"2025-06-29T21:06:14.910Z","CORE_DC_001","Node","RED",94.31,34.1,24.89,2.03,true
"2025-06-29T21:06:14.910Z","AMF_006","Node","RED",100,58.1,27.45,1.57,true
"2025-06-29T21:06:14.910Z","CORE_DC_004","Node","YELLOW",87.27,45.15,18.94,1.15,false
"2025-06-29T21:06:14.910Z","gNB_011","Node","YELLOW",74.27,54.64,12.8,1.44,false
"2025-06-29T21:06:14.910Z","SMF_001","Node","RED",94.75,52.02,11.37,1.07,true
"2025-06-29T21:06:14.910Z","FIREWALL_004","Node","YELLOW",17.97,57.64,29.54,1.55,false
"2025-06-29T21:06:14.910Z","SMF_004","Node","YELLOW",37.47,41.79,29.23,1.86,false
"2025-06-29T21:06:14.910Z","CORE_DC_002","Node","GREEN",15.4,11.74,14.83,1.54,false
"2025-06-29T21:06:14.910Z","SMF_005","Node","RED",48.2,36.22,58.47,3.15,false
"2025-06-29T21:06:14.910Z","EDGE_DC_001","Node","GREEN",14.42,44.34,24.98,1.69,false
"2025-06-29T21:06:14.910Z","EDGE_DC_002","Node","RED",94.57,57.92,23.6,1.25,true
"2025-06-29T21:06:14.910Z","FIREWALL_002","Node","GREEN",14.56,41.71,21.01,2.04,false
"2025-06-29T21:06:14.910Z","MONITOR_005","Node","RED",100,61.34,13.85,1.56,true
"2025-06-29T21:06:14.910Z","EDGE_DC_007","Node","GREEN",17.52,18.97,18.59,1.78,false
"2025-06-29T21:06:14.910Z","EDGE_DC_008","Node","GREEN",51.4,53.58,22.6,2.02,false
"2025-06-29T21:06:14.910Z","MONITOR_001","Node","YELLOW",89.47,54.27,13.36,1.05,false
"2025-06-29T21:06:14.910Z","FIREWALL_003","Node","YELLOW",49.72,12.02,29.81,1.58,false
